Student_ID,CGPA,Branch,Backlogs,Internships,Certifications,Projects,Programming_Skills,Gender,Age,Aptitude_Test_Score,Communication_Score,Placed,Salary
STU2026001,6.84,CSE,1,1,4,4,6,Female,22,63.5,8,Yes,8.36
STU2026002,6.24,CE,2,2,1,1,6,Male,22,72.8,8,Yes,7.45
STU2026003,7.2,ME,0,0,1,1,6,Female,21,96.0,7,Yes,7.37
STU2026004,8.37,ECE,2,0,1,2,7,Male,21,100.0,7,Yes,9.58
STU2026005,7.79,CSE,0,1,0,2,8,Female,21,70.8,8,Yes,10.96
STU2026006,6.48,CSE,0,1,3,1,8,Male,21,75.9,8,Yes,9.05
STU2026007,7.76,CSE,0,0,2,2,6,Male,22,85.2,6,Yes,9.36
STU2026008,7.95,EEE,3,1,0,2,6,Male,22,89.3,6,Yes,8.4
STU2026009,6.8,ECE,0,0,1,1,5,Male,22,73.9,7,Yes,6.35
STU2026010,7.74,ME,0,0,2,4,9,Female,22,90.6,8,Yes,8.87
STU2026011,7.65,CSE,0,1,3,4,6,Female,21,79.6,6,Yes,10.58
STU2026012,6.57,CE,0,1,1,2,7,Male,22,83.0,5,Yes,6.93
STU2026013,7.92,EEE,0,2,1,1,10,Male,22,92.4,8,Yes,11.34
STU2026014,8.1,CSE,0,0,0,2,6,Female,24,86.3,7,Yes,9.76
STU2026015,8.57,CSE,0,1,4,0,9,Female,22,81.9,7,Yes,12.24
STU2026016,8.55,CSE,0,1,0,0,10,Male,21,85.8,7,Yes,12.33
STU2026017,6.36,CSE,0,0,3,1,4,Male,22,81.7,6,Yes,5.73
STU2026018,6.76,ECE,0,1,1,1,6,Male,21,79.1,9,Yes,8.1
STU2026019,8.06,ECE,0,0,1,3,6,Female,22,83.0,5,Yes,8.64
STU2026020,8.06,CSE,0,3,1,2,8,Male,21,100.0,7,Yes,12.69
STU2026021,8.06,ECE,1,0,0,2,6,Female,21,92.9,6,Yes,9.39
STU2026022,10.0,CSE,0,1,0,1,9,Male,23,86.5,5,Yes,15.0
STU2026023,8.11,CSE,0,0,0,1,7,Female,21,94.6,6,Yes,10.19
STU2026024,8.62,CSE,0,3,0,1,9,Male,22,83.2,10,Yes,14.46
STU2026025,8.46,ECE,0,1,2,4,8,Male,21,100.0,7,Yes,11.44
STU2026026,8.19,ME,0,1,1,0,6,Male,22,90.8,7,Yes,9.43
STU2026027,7.32,CSE,0,0,0,3,6,Female,22,83.4,5,Yes,8.58
STU2026028,8.28,ECE,0,1,3,2,9,Male,22,91.9,6,Yes,12.0
STU2026029,6.9,ECE,0,0,2,1,3,Male,21,64.9,6,Yes,5.63
STU2026030,7.39,CSE,0,2,3,2,8,Male,21,71.3,7,Yes,11.63
STU2026031,7.16,ECE,0,0,4,1,7,Male,21,70.0,8,Yes,8.22
STU2026032,7.67,CSE,0,0,0,3,5,Female,21,87.1,7,Yes,9.13
STU2026033,9.68,CSE,0,0,1,3,10,Female,22,100.0,5,Yes,13.77
STU2026034,5.92,CE,0,1,2,1,5,Female,23,100.0,7,Yes,5.8
STU2026035,8.22,CE,0,1,1,1,7,Male,23,94.1,8,Yes,9.7
STU2026036,6.15,EEE,0,0,0,2,4,Female,22,88.3,8,No,0.0
STU2026037,7.18,CSE,0,1,2,3,7,Male,22,62.7,9,Yes,10.38
STU2026038,8.58,CSE,1,1,0,1,8,Male,22,80.6,6,Yes,12.37
STU2026039,7.66,ME,0,1,0,2,8,Male,21,75.9,6,Yes,9.01
STU2026040,6.63,ECE,0,1,1,2,5,Male,23,75.8,5,Yes,8.3
STU2026041,6.96,CSE,1,1,1,2,6,Female,22,81.9,7,Yes,9.29
STU2026042,8.21,ECE,2,1,1,1,6,Female,22,80.8,8,Yes,10.14
STU2026043,6.94,CSE,0,0,0,2,5,Female,21,60.1,8,Yes,7.07
STU2026044,7.79,CE,0,0,2,3,5,Male,22,94.6,6,Yes,7.16
STU2026045,7.64,CSE,1,2,0,1,7,Male,22,72.4,7,Yes,11.79
STU2026046,7.01,ME,0,2,0,1,8,Male,23,86.9,8,Yes,9.76
STU2026047,9.53,CSE,0,0,2,4,10,Male,22,100.0,5,Yes,13.35
STU2026048,8.17,ECE,0,0,3,1,7,Male,21,75.3,9,Yes,10.35
STU2026049,5.78,ECE,0,1,2,3,4,Male,24,51.2,5,No,0.0
STU2026050,7.77,CSE,0,1,2,1,7,Male,21,82.1,7,Yes,11.09
STU2026051,7.0,CE,0,0,1,1,7,Male,22,97.2,9,Yes,6.72
STU2026052,8.37,ME,0,0,1,3,7,Female,21,100.0,7,Yes,9.38
STU2026053,6.89,CE,0,1,0,1,8,Female,22,69.0,7,Yes,7.54
STU2026054,7.5,EEE,0,1,1,2,7,Female,23,91.0,7,Yes,9.45
STU2026055,8.05,ECE,0,0,1,1,7,Female,21,80.5,6,Yes,10.23
STU2026056,8.38,CE,0,0,0,2,7,Male,23,85.5,8,Yes,8.59
STU2026057,6.52,CSE,0,0,2,1,5,Female,21,100.0,4,Yes,6.26
STU2026058,7.3,CSE,1,1,1,1,6,Female,23,66.6,9,Yes,9.12
STU2026059,7.17,CSE,0,0,0,4,6,Male,22,87.4,5,Yes,7.51
STU2026060,7.01,CSE,0,0,0,1,6,Male,22,89.6,6,Yes,7.42
STU2026061,9.19,CSE,0,1,1,2,8,Female,21,100.0,6,Yes,12.9
STU2026062,7.96,CSE,0,0,0,1,5,Male,24,87.1,7,Yes,8.14
STU2026063,6.47,EEE,0,1,2,2,4,Male,22,86.6,5,Yes,6.51
STU2026064,8.43,CSE,0,0,1,1,8,Male,21,82.2,7,Yes,11.2
STU2026065,9.51,CSE,0,0,1,4,7,Male,22,92.2,9,Yes,11.51
STU2026066,8.53,ECE,0,0,1,1,5,Male,21,82.9,5,Yes,10.0
STU2026067,6.23,CSE,0,1,2,1,6,Male,23,89.9,7,Yes,8.1
STU2026068,7.16,EEE,0,2,1,0,10,Male,21,79.9,7,Yes,11.66
STU2026069,8.74,CSE,0,2,1,1,9,Male,22,92.0,8,Yes,13.68
STU2026070,6.96,CE,0,0,1,2,6,Female,22,83.6,7,Yes,6.59
STU2026071,8.0,ME,0,1,0,1,7,Male,21,99.5,6,Yes,9.0
STU2026072,8.3,CSE,1,0,2,3,7,Male,21,86.0,7,Yes,10.6
STU2026073,6.77,CSE,0,0,2,1,6,Male,21,62.3,9,Yes,7.54
STU2026074,7.55,EEE,0,2,1,1,7,Female,22,100.0,7,Yes,10.8
STU2026075,5.0,ME,1,0,2,2,3,Male,21,69.1,7,No,0.0
STU2026076,6.68,ME,0,0,2,2,5,Male,22,75.5,5,Yes,4.98
STU2026077,7.37,ME,0,0,2,1,5,Female,21,77.6,5,Yes,6.16
STU2026078,6.48,CSE,0,0,2,1,6,Female,21,99.5,7,Yes,7.32
STU2026079,9.07,CSE,0,0,1,0,8,Male,22,62.5,8,Yes,11.23
STU2026080,6.31,CSE,0,1,1,2,5,Female,21,100.0,7,Yes,7.8
STU2026081,7.2,EEE,0,1,1,2,7,Male,23,97.1,7,Yes,8.12
STU2026082,7.72,ECE,0,2,2,1,7,Male,23,88.1,7,Yes,11.65
STU2026083,8.9,CSE,0,2,0,3,9,Male,22,87.1,6,Yes,13.63
STU2026084,6.31,CSE,0,0,2,3,5,Male,22,86.0,7,Yes,6.64
STU2026085,8.65,CSE,0,0,2,2,8,Female,23,93.6,8,Yes,11.39
STU2026086,7.61,CSE,0,0,0,3,7,Male,21,93.0,6,Yes,8.77
STU2026087,6.72,ME,0,1,2,1,6,Male,21,90.1,6,Yes,7.52
STU2026088,8.02,ECE,3,0,0,1,7,Female,21,87.1,7,Yes,9.41
STU2026089,7.78,EEE,0,1,1,1,9,Female,22,83.2,6,Yes,10.2
STU2026090,7.06,ECE,0,1,2,0,7,Male,21,82.3,7,Yes,8.54
STU2026091,7.66,CSE,0,1,0,2,7,Female,22,83.0,10,Yes,9.41
STU2026092,7.25,ME,0,1,2,3,5,Male,24,98.1,7,Yes,7.8
STU2026093,7.7,ME,0,0,2,0,5,Female,23,92.5,6,Yes,6.32
STU2026094,8.2,ECE,0,2,1,1,8,Female,22,51.1,7,Yes,12.4
STU2026095,9.03,ME,0,1,0,1,8,Female,21,95.9,8,Yes,11.36
STU2026096,6.49,ECE,0,0,0,3,5,Male,22,85.3,6,Yes,6.52
STU2026097,9.52,ECE,0,2,1,1,10,Male,22,88.8,7,Yes,14.98
STU2026098,5.84,ECE,1,1,4,2,5,Male,21,77.0,9,No,0.0
STU2026099,7.46,CSE,0,2,1,0,7,Male,21,98.4,9,Yes,11.13
STU2026100,8.13,CSE,0,1,0,1,8,Male,23,97.6,6,Yes,11.86
STU2026101,7.85,CSE,0,1,1,4,7,Female,22,76.4,5,Yes,10.84
STU2026102,7.04,ECE,3,0,1,4,3,Male,22,89.0,8,No,0.0
STU2026103,7.41,CSE,0,0,2,0,5,Male,23,73.2,6,Yes,8.17
STU2026104,7.16,ECE,0,1,0,4,6,Female,22,67.8,8,Yes,9.02
STU2026105,7.07,CE,3,1,2,2,5,Male,22,76.6,5,No,0.0
STU2026106,8.36,CSE,1,0,1,3,8,Female,22,97.1,8,Yes,9.87
STU2026107,7.92,ECE,1,0,3,1,8,Male,21,97.3,5,Yes,9.91
STU2026108,6.98,ME,0,2,1,2,8,Male,22,90.1,8,Yes,9.93
STU2026109,8.41,CSE,0,3,1,1,9,Male,22,95.5,8,Yes,14.21
STU2026110,7.88,CSE,0,1,3,2,9,Male,22,92.0,6,Yes,11.4
STU2026111,8.33,CSE,2,0,0,1,7,Female,23,79.0,6,Yes,10.18
STU2026112,8.17,CSE,0,0,3,0,6,Male,22,91.5,7,Yes,9.49
STU2026113,6.85,CE,0,0,1,1,5,Male,22,93.3,7,Yes,5.77
STU2026114,7.1,EEE,0,2,0,2,7,Male,22,93.3,8,Yes,10.57
STU2026115,8.27,ECE,1,0,1,1,7,Male,22,100.0,9,Yes,10.2
STU2026116,8.15,EEE,0,1,2,2,8,Female,22,94.8,5,Yes,9.97
STU2026117,7.58,EEE,0,0,0,4,6,Male,21,89.4,8,Yes,8.08
STU2026118,7.71,CSE,0,1,1,0,7,Female,22,98.3,7,Yes,11.13
STU2026119,8.75,EEE,0,1,1,2,9,Female,21,87.2,6,Yes,12.12
STU2026120,7.07,ECE,0,2,1,1,8,Male,21,73.6,6,Yes,11.2
STU2026121,8.09,EEE,0,0,0,3,8,Female,22,84.2,6,Yes,10.34
STU2026122,7.42,EEE,0,0,2,1,4,Male,22,75.9,8,Yes,7.24
STU2026123,7.4,CSE,0,0,4,2,3,Male,24,76.7,6,Yes,7.32
STU2026124,8.59,CSE,0,2,3,3,10,Male,22,85.4,9,Yes,14.71
STU2026125,8.34,CSE,0,2,2,3,7,Female,22,77.2,6,Yes,12.68
STU2026126,8.33,ECE,0,1,0,2,8,Female,22,83.0,7,Yes,11.36
STU2026127,8.77,EEE,0,1,2,1,7,Male,22,64.8,5,Yes,10.98
STU2026128,7.62,EEE,0,1,0,2,5,Female,21,87.8,7,Yes,9.41
STU2026129,8.21,CSE,0,0,0,3,7,Male,21,86.4,8,Yes,9.61
STU2026130,7.32,ECE,0,2,1,2,8,Male,21,74.8,7,Yes,11.8
STU2026131,7.89,ECE,0,1,1,0,7,Male,22,93.7,4,Yes,10.53
STU2026132,7.48,CSE,3,0,2,3,3,Female,21,96.2,7,No,0.0
STU2026133,7.69,CSE,0,1,1,2,6,Female,21,66.1,8,Yes,9.34
STU2026134,8.14,CSE,1,0,1,2,7,Male,21,77.1,7,Yes,10.09
STU2026135,6.86,CE,0,0,0,1,4,Male,24,74.5,8,No,0.0
STU2026136,9.48,CSE,0,1,4,2,9,Male,21,77.7,6,Yes,12.87
STU2026137,6.69,ECE,1,0,1,1,5,Male,22,93.3,7,No,0.0
STU2026138,6.51,ME,0,1,1,2,6,Male,21,80.7,8,Yes,7.23
STU2026139,8.64,CSE,0,0,0,1,7,Female,22,84.1,4,Yes,11.1
STU2026140,8.31,CE,0,0,2,2,6,Male,21,62.6,7,Yes,7.89
STU2026141,8.16,CE,0,0,1,4,8,Male,21,93.9,6,Yes,8.83
STU2026142,8.17,CSE,2,0,0,0,7,Male,22,71.5,6,Yes,10.93
STU2026143,7.59,ECE,1,1,0,4,7,Female,21,85.9,7,Yes,9.58
STU2026144,6.79,CSE,3,0,1,1,4,Female,21,86.9,6,No,0.0
STU2026145,7.67,CSE,0,1,1,3,7,Male,21,100.0,6,Yes,9.88
STU2026146,6.99,CSE,0,1,0,2,5,Female,21,68.3,7,Yes,9.33
STU2026147,8.48,ECE,2,1,3,2,8,Male,21,50.7,6,Yes,12.55
STU2026148,7.47,ECE,0,2,0,2,9,Male,21,87.1,6,Yes,11.66
STU2026149,6.86,CSE,0,1,1,3,5,Male,22,100.0,8,Yes,8.9
STU2026150,7.31,CSE,0,0,3,1,4,Male,22,99.5,5,Yes,8.14
STU2026151,7.97,CE,0,0,1,1,8,Male,22,88.5,7,Yes,8.11
STU2026152,7.09,CSE,1,0,1,2,5,Female,21,78.3,7,Yes,7.29
STU2026153,6.86,CSE,0,1,1,3,5,Female,23,93.4,5,Yes,9.01
STU2026154,7.82,ECE,1,0,0,2,7,Female,21,74.0,6,Yes,9.82
STU2026155,7.82,CE,0,1,4,2,7,Male,21,91.4,8,Yes,9.34
STU2026156,7.14,CSE,0,1,1,1,8,Male,22,90.3,6,Yes,9.57
STU2026157,7.18,ME,0,0,2,3,6,Female,21,97.1,6,Yes,7.71
STU2026158,7.81,ME,1,1,0,1,7,Male,21,100.0,8,Yes,9.0
STU2026159,6.3,CSE,0,0,0,2,7,Male,22,87.3,7,Yes,6.98
STU2026160,6.33,ME,0,0,0,0,4,Male,23,76.6,6,No,0.0
STU2026161,6.95,CSE,0,1,1,1,7,Female,22,83.6,6,Yes,9.5
STU2026162,7.41,ECE,1,1,1,1,7,Male,22,63.6,9,Yes,10.34
STU2026163,7.88,ECE,0,1,2,1,9,Male,24,77.4,9,Yes,11.5
STU2026164,8.93,ECE,1,1,1,2,10,Female,21,82.9,8,Yes,13.25
STU2026165,8.37,CSE,0,0,3,1,7,Male,21,80.5,7,Yes,10.49
STU2026166,7.46,EEE,0,2,0,1,7,Male,21,86.7,7,Yes,10.41
STU2026167,7.58,CSE,0,1,2,1,7,Male,22,75.3,6,Yes,10.55
STU2026168,6.7,CSE,0,1,2,1,5,Male,22,96.9,8,Yes,6.89
STU2026169,7.58,CSE,0,0,2,1,8,Female,23,85.2,7,Yes,9.32
STU2026170,7.34,ECE,0,1,2,0,7,Male,22,84.6,9,Yes,9.58
STU2026171,7.89,ME,0,0,2,2,6,Male,22,81.8,7,Yes,7.21
STU2026172,6.86,CSE,1,0,1,2,5,Female,21,85.6,5,No,0.0
STU2026173,8.07,ECE,0,2,0,2,7,Female,22,96.0,9,Yes,11.95
STU2026174,8.98,CSE,0,0,0,1,7,Female,24,77.6,5,Yes,11.07
STU2026175,7.5,ECE,2,3,3,1,10,Male,22,77.1,8,Yes,14.18
STU2026176,7.96,CSE,0,1,1,3,7,Male,21,82.3,7,Yes,11.63
STU2026177,8.22,ME,0,0,2,2,6,Female,22,70.3,9,Yes,8.05
STU2026178,7.24,CSE,2,1,1,1,7,Female,21,74.6,10,Yes,9.68
STU2026179,7.8,CE,0,2,0,0,9,Male,21,79.9,8,Yes,10.99
STU2026180,7.61,CSE,0,1,0,1,8,Male,21,95.7,7,Yes,10.49
STU2026181,7.69,CSE,0,2,1,1,9,Male,22,88.5,8,Yes,12.53
STU2026182,6.9,CSE,1,1,1,1,5,Female,22,86.1,8,Yes,8.07
STU2026183,7.62,CE,0,1,0,2,6,Male,21,95.5,7,Yes,7.79
STU2026184,8.05,EEE,0,2,1,2,10,Male,21,84.5,10,Yes,12.79
STU2026185,8.91,CSE,1,0,0,2,7,Male,22,92.5,7,Yes,11.38
STU2026186,8.46,ME,1,1,1,2,8,Female,21,85.7,8,Yes,10.24
STU2026187,9.54,EEE,0,0,0,3,10,Female,21,92.3,7,Yes,12.76
STU2026188,6.91,ECE,0,3,2,2,8,Male,22,76.8,9,Yes,11.3
STU2026189,8.39,ECE,0,2,1,4,9,Female,22,57.5,9,Yes,13.16
STU2026190,7.77,CSE,0,0,1,0,8,Female,21,83.9,6,Yes,10.17
STU2026191,9.57,CSE,0,1,0,1,9,Male,21,100.0,6,Yes,14.04
STU2026192,6.87,EEE,0,2,0,0,8,Male,21,94.9,6,Yes,10.13
STU2026193,6.84,CE,1,0,1,2,5,Male,23,95.3,7,Yes,5.33
STU2026194,7.06,ECE,1,1,1,3,7,Female,22,99.0,8,Yes,8.94
STU2026195,5.69,CSE,0,2,1,1,7,Male,22,82.4,8,Yes,8.53
STU2026196,7.13,CSE,1,0,0,3,6,Female,21,86.6,9,Yes,7.62
STU2026197,6.92,ME,0,1,1,0,7,Female,22,76.4,7,Yes,7.84
STU2026198,7.74,EEE,1,0,2,3,7,Male,21,81.7,7,Yes,7.64
STU2026199,7.91,EEE,0,2,2,1,8,Female,22,93.2,6,Yes,11.22
STU2026200,9.29,ME,0,3,0,1,10,Male,23,100.0,8,Yes,14.94
STU2026201,8.46,ECE,1,2,1,1,8,Male,22,85.2,8,Yes,12.61
STU2026202,7.08,CSE,0,1,0,1,4,Female,23,78.8,8,Yes,8.2
STU2026203,6.79,CSE,0,2,0,1,9,Female,22,83.6,7,Yes,11.05
STU2026204,8.04,EEE,0,2,4,1,7,Male,21,93.3,7,Yes,11.5
STU2026205,6.41,ECE,0,0,0,3,4,Female,23,65.5,5,Yes,6.1
STU2026206,9.25,CSE,0,2,1,2,9,Female,21,60.9,7,Yes,14.45
STU2026207,8.66,CSE,0,0,1,1,8,Male,22,80.7,8,Yes,10.49
STU2026208,7.18,ME,0,1,2,2,7,Female,21,69.7,8,Yes,7.8
STU2026209,6.06,CSE,0,0,1,2,5,Male,21,76.0,7,Yes,5.75
STU2026210,8.82,CSE,0,0,0,1,7,Male,22,85.9,7,Yes,10.75
STU2026211,7.5,ECE,0,0,1,1,6,Male,21,79.6,7,Yes,7.72
STU2026212,8.71,ME,2,1,1,1,9,Female,22,100.0,6,Yes,10.77
STU2026213,6.17,ME,0,0,0,1,4,Female,22,86.3,7,Yes,4.18
STU2026214,7.06,CSE,0,1,1,2,8,Male,21,87.7,8,Yes,9.98
STU2026215,7.6,ME,0,0,0,1,7,Male,21,92.7,7,Yes,8.05
STU2026216,7.64,CSE,2,0,0,2,7,Female,22,71.6,6,Yes,8.88
STU2026217,7.19,CSE,0,1,1,2,7,Male,21,96.8,4,Yes,9.48
STU2026218,8.16,ME,0,1,0,1,9,Female,22,85.4,8,Yes,10.13
STU2026219,6.64,ECE,0,0,1,2,5,Female,22,91.3,6,Yes,6.39
STU2026220,7.47,EEE,0,1,1,1,5,Male,22,72.1,6,Yes,7.98
STU2026221,7.71,ME,0,2,2,4,8,Female,22,66.8,8,Yes,11.0
STU2026222,8.06,ECE,1,1,0,1,7,Male,22,95.9,7,Yes,9.65
STU2026223,8.24,CSE,2,0,0,3,6,Female,22,91.0,8,Yes,9.48
STU2026224,6.59,CSE,0,0,0,2,5,Female,21,72.4,7,Yes,6.94
STU2026225,6.22,CSE,0,2,1,0,7,Female,21,72.0,8,Yes,9.52
STU2026226,8.75,CSE,2,0,2,2,8,Male,22,100.0,5,Yes,12.57
STU2026227,7.9,CE,0,2,0,4,8,Female,22,71.5,9,Yes,10.95
STU2026228,6.93,CSE,0,1,3,2,8,Male,22,100.0,7,Yes,9.19
STU2026229,9.0,EEE,0,2,0,3,10,Male,22,77.2,7,Yes,13.85
STU2026230,7.7,ECE,0,1,1,3,10,Male,23,93.1,7,Yes,10.31
STU2026231,8.66,ME,0,3,2,1,10,Male,23,83.4,6,Yes,14.1
STU2026232,7.66,ECE,0,0,2,1,4,Male,22,92.6,7,Yes,7.12
STU2026233,9.45,ECE,2,1,2,2,10,Female,21,82.4,6,Yes,14.28
STU2026234,9.18,ECE,2,1,2,1,9,Female,22,86.4,5,Yes,12.75
STU2026235,7.38,CSE,0,1,1,3,8,Male,21,85.3,5,Yes,10.31
STU2026236,8.47,ME,0,1,2,3,9,Female,22,74.9,8,Yes,10.74
STU2026237,8.18,CSE,3,2,0,1,8,Male,22,95.2,7,Yes,13.64
STU2026238,8.83,CSE,1,3,2,1,9,Female,22,81.5,10,Yes,15.0
STU2026239,6.73,ECE,0,1,1,2,6,Female,21,80.7,6,Yes,9.06
STU2026240,8.22,CSE,2,1,2,1,7,Male,21,74.5,5,Yes,11.64
STU2026241,8.55,CE,1,1,1,3,7,Female,22,56.4,6,Yes,10.39
STU2026242,6.02,CE,0,1,1,1,6,Male,21,79.7,8,Yes,6.14
STU2026243,6.54,CE,0,0,1,2,7,Male,23,100.0,6,Yes,6.13
STU2026244,5.76,CSE,0,0,2,0,4,Female,21,90.9,6,No,0.0
STU2026245,7.36,CSE,0,0,0,2,5,Male,21,84.5,7,Yes,6.98
STU2026246,8.25,CE,0,0,0,1,7,Male,21,83.3,7,Yes,8.36
STU2026247,8.95,ECE,1,0,0,2,9,Male,22,88.2,8,Yes,11.9
STU2026248,7.67,CE,0,0,0,1,6,Female,22,91.9,8,Yes,7.21
STU2026249,9.07,CE,0,0,2,2,8,Male,21,74.0,6,Yes,9.43
STU2026250,6.36,EEE,0,0,0,3,5,Male,21,96.1,5,Yes,5.51
